date,equity,profit,funding_fee,trading_fee,deposit,withdraw,note
2024-01-01,10000.0,0.0,0.0,0.0,10000.0,0.0,initial deposit
2024-01-02,10187.0,200.0,-10.0,3.0,0.0,0.0,btc trade
2024-01-03,10298.5,120.0,-6.0,2.5,0.0,0.0,eth trade
2024-01-04,10148.0,-140.0,-8.0,2.5,0.0,0.0,btc stop
2024-01-05,10644.8,0.0,-2.0,1.2,500.0,0.0,extra deposit
2024-01-06,10844.8,210.0,-7.0,3.0,0.0,0.0,sol trend
2024-01-07,10538.599999999999,0.0,-5.0,1.2,0.0,300.0,withdraw
2024-01-08,10440.599999999999,-90.0,-6.0,2.0,0.0,0.0,eth loss
2024-01-10,10623.999999999998,190.0,-4.0,2.6,0.0,0.0,btc short
